id;workflow_id;dbname;feed_id;func;req_datetime;exec_user;system_ids;mode;done;created_timestamp;updated_timestamp
1;Saudi;olive Arizona Plastic;installation Reduced purple;Ohio;Berkshire;haptic;../fake-data/blob/hipster.txt;calculating quantify;G;2023-03-05T04:21:40;2023-03-05T00:08:04
2;Krona exploit maroon;Chips Unit;payment cross-platform alarm;policy Bolivar parad;evolve blockch;synthesize Account Automated;../fake-data/blob/hipster.txt;Tuna;B;2023-03-05T09:00:48;2023-03-05T05:36:30
3;Rico Compatible Garden;Decentralized Virginia;Branding content;incremental extensib;flexibility in;Consultant orchid high-level;../fake-data/blob/hipster.txt;protocol;S;2023-03-04T23:46:53;2023-03-04T15:33:16
4;South Dakota payment;orchestrate;User-centric HDD International;(E.M.U.-6) JBOD atti;ROI and system;Assistant indexing redundant;../fake-data/blob/hipster.txt;Account Devolved;w;2023-03-05T06:49:48;2023-03-05T01:27:44
5;Arizona facilitate iterate;transmitter Loan;Account Pizza indigo;Plastic Fiji;Table Peso;multi-state functionalities;../fake-data/blob/hipster.txt;system Michigan;S;2023-03-04T22:04:32;2023-03-05T08:18:38
6;innovate Mouse;microchip cross-platform;Accounts interactive methodologies;Investment Dam;Branding turn-;clear-thinking hack;../fake-data/blob/hipster.txt;maximize calculate;c;2023-03-04T13:39:32;2023-03-05T03:04:49
7;integrate frame;pixel;connecting Handmade;context-sensitive;Forint Vermont;Ball;../fake-data/blob/hipster.txt;vortals Producer Mal;H;2023-03-05T06:35:19;2023-03-04T21:02:06
8;Bike;Rustic web-enabled azure;action-items scale Granite;Direct orange Fresh;USB synthesize;Shirt Concrete azure;../fake-data/blob/hipster.txt;Pizza AGP Court;B;2023-03-05T01:51:08;2023-03-04T14:52:26
9;FTP incentivize Digitized;plum synthesizing dynamic;Solutions;harness Checking Bal;Fish Unbranded;Technician;../fake-data/blob/hipster.txt;Account Account;P;2023-03-05T07:58:01;2023-03-05T01:20:57
10;Diverse Facilitator;National;directional conglomeration;Garden deposit Usabi;input Bacon re;mint Licensed;../fake-data/blob/hipster.txt;Re-contextualized Mo;w;2023-03-04T22:22:13;2023-03-05T09:54:25
